'NORMAL-2763635-1.jpeg',
 'NORMAL-8869683-19.jpeg',
 'NORMAL-9776999-3.jpeg',
 'NORMAL-1725838-8.jpeg',
 'NORMAL-60471-12.jpeg',
 'NORMAL-6508224-14.jpeg',
 'NORMAL-7076479-3.jpeg',
 'NORMAL-832190-1.jpeg',
 'NORMAL-1695472-14.jpeg',
 'NORMAL-8738660-15.jpeg',
 'NORMAL-2105194-9.jpeg',
 'NORMAL-1724756-1.jpeg',
 'NORMAL-3820638-2.jpeg',
 'NORMAL-918579-2.jpeg',
 'NORMAL-3068234-9.jpeg',
 'NORMAL-4933627-8.jpeg',
 'NORMAL-9286417-7.jpeg',
 'NORMAL-9961073-21.jpeg',
 'NORMAL-8603193-8.jpeg',
 'NORMAL-692554-7.jpeg',
 'NORMAL-7388269-1.jpeg',
 'NORMAL-3978593-5.jpeg',
 'NORMAL-3134896-5.jpeg',
 'NORMAL-98720-12.jpeg',
 'NORMAL-3416330-5.jpeg',
 'NORMAL-7731385-4.jpeg',
 'NORMAL-1957379-17.jpeg',
 'NORMAL-2377429-1.jpeg',
 'NORMAL-2327797-10.jpeg',
 'NORMAL-3816498-2.jpeg',
 'NORMAL-4921376-57.jpeg',
 'NORMAL-701919-4.jpeg',
 'NORMAL-4506603-2.jpeg',
 'NORMAL-306286-8.jpeg',
 'NORMAL-617956-1.jpeg',
 'NORMAL-9618077-2.jpeg',
 'NORMAL-1853526-2.jpeg',
 'NORMAL-7858342-1.jpeg',
 'NORMAL-2305502-2.jpeg',
 'NORMAL-4940184-2.jpeg',
 'NORMAL-5386805-3.jpeg',
 'NORMAL-6140528-2.jpeg',
 'NORMAL-7837305-30.jpeg',
 'NORMAL-690821-1.jpeg',
 'NORMAL-1067440-2.jpeg',
 'NORMAL-5324912-6.jpeg',
 'NORMAL-8738081-7.jpeg',
 'NORMAL-8593223-1.jpeg',
 'NORMAL-5052617-15.jpeg',
 'NORMAL-8667223-6.jpeg',
 'NORMAL-5572449-15.jpeg',
 'NORMAL-5434248-5.jpeg',
 'NORMAL-3154100-8.jpeg',
 'NORMAL-6675737-2.jpeg',
 'NORMAL-9393174-11.jpeg',
 'NORMAL-2059296-6.jpeg',
 'NORMAL-4082529-12.jpeg',
 'NORMAL-3759757-6.jpeg',
 'NORMAL-8069965-3.jpeg',
 'NORMAL-5050880-12.jpeg',
 'NORMAL-9020110-5.jpeg',
 'NORMAL-323984-1.jpeg',
 'NORMAL-6398102-6.jpeg',
 'NORMAL-2680460-5.jpeg',
 'NORMAL-2613631-6.jpeg',
 'NORMAL-5587871-1.jpeg',
 'NORMAL-3659249-47.jpeg',
 'NORMAL-7694510-16.jpeg',
 'NORMAL-1907560-16.jpeg',
 'NORMAL-8965008-1.jpeg',
 'NORMAL-9428633-3.jpeg',
 'NORMAL-2444883-5.jpeg',
 'NORMAL-7237325-4.jpeg',
 'NORMAL-1157521-4.jpeg',
 'NORMAL-6369482-18.jpeg',
 'NORMAL-9028870-6.jpeg',
 'NORMAL-7434518-2.jpeg',
 'NORMAL-8729675-3.jpeg',
 'NORMAL-5052617-20.jpeg',
 'NORMAL-6170739-2.jpeg',
 'NORMAL-4528445-5.jpeg',
 'NORMAL-2733663-3.jpeg',
 'NORMAL-5605451-1.jpeg',
 'NORMAL-7870558-43.jpeg',
 'NORMAL-4997509-16.jpeg',
 'NORMAL-5547799-3.jpeg',
 'NORMAL-7792460-1.jpeg',
 'NORMAL-2518755-4.jpeg',
 'NORMAL-6696156-29.jpeg',
 'NORMAL-2333706-3.jpeg',
 'NORMAL-2147416-1.jpeg',
 'NORMAL-2366700-8.jpeg',
 'NORMAL-8970825-3.jpeg',
 'NORMAL-3212012-1.jpeg',
 'NORMAL-2730283-8.jpeg',
 'NORMAL-7945444-2.jpeg',
 'NORMAL-3751175-3.jpeg',
 'NORMAL-2055634-4.jpeg',
 'NORMAL-6508224-11.jpeg',
 'NORMAL-7870558-66.jpeg',
 'NORMAL-4111396-16.jpeg',
 'NORMAL-5050880-6.jpeg',
 'NORMAL-673532-1.jpeg',
 'NORMAL-2769622-19.jpeg',
 'NORMAL-2185500-1.jpeg',
 'NORMAL-3342858-17.jpeg',
 'NORMAL-697826-3.jpeg',
 'NORMAL-2158556-5.jpeg',
 'NORMAL-5760454-14.jpeg',
 'NORMAL-1117682-1.jpeg',
 'NORMAL-1171785-2.jpeg',
 'NORMAL-9492768-3.jpeg',
 'NORMAL-729953-5.jpeg',
 'NORMAL-9287393-3.jpeg',
 'NORMAL-568518-12.jpeg',
 'NORMAL-462675-1.jpeg',
 'NORMAL-6704613-5.jpeg',
 'NORMAL-8948636-9.jpeg',
 'NORMAL-7793610-3.jpeg',
 'NORMAL-3574650-3.jpeg',
 'NORMAL-1967242-3.jpeg',
 'NORMAL-5680594-4.jpeg',
 'NORMAL-7820585-5.jpeg',
 'NORMAL-2410223-12.jpeg',
 'NORMAL-3934543-28.jpeg',
 'NORMAL-5268729-5.jpeg',
 'NORMAL-234160-2.jpeg',
 'NORMAL-4074860-9.jpeg',
 'NORMAL-8408342-36.jpeg',
 'NORMAL-6677758-1.jpeg',
 'NORMAL-832190-4.jpeg',
 'NORMAL-6522206-3.jpeg',
 'NORMAL-1753005-6.jpeg',
 'NORMAL-342604-1.jpeg',
 'NORMAL-3776812-2.jpeg',
 'NORMAL-6658334-3.jpeg',
 'NORMAL-1769699-1.jpeg',
 'NORMAL-2993521-3.jpeg',
 'NORMAL-4345468-3.jpeg',
 'NORMAL-2911008-4.jpeg',
 'NORMAL-4607846-3.jpeg',
 'NORMAL-5587871-2.jpeg',
 'NORMAL-6970822-2.jpeg',
 'NORMAL-8281517-6.jpeg',
 'NORMAL-4001769-14.jpeg',
 'NORMAL-3901239-7.jpeg',
 'NORMAL-9267111-8.jpeg',
 'NORMAL-1842556-6.jpeg',
 'NORMAL-9437652-9.jpeg',
 'NORMAL-8857945-6.jpeg',
 'NORMAL-7832601-2.jpeg',
 'NORMAL-2665491-2.jpeg',
 'NORMAL-7860515-13.jpeg',
 'NORMAL-1649492-12.jpeg',
 'NORMAL-2125971-6.jpeg',
 'NORMAL-4934663-3.jpeg',
 'NORMAL-3101737-4.jpeg',
 'NORMAL-8935969-26.jpeg',
 'NORMAL-5081173-13.jpeg',
 'NORMAL-5055541-1.jpeg',
 'NORMAL-3099936-7.jpeg',
 'NORMAL-4136221-6.jpeg',
 'NORMAL-3712655-1.jpeg',
 'NORMAL-6580495-8.jpeg',
 'NORMAL-3245324-5.jpeg',
 'NORMAL-9651821-4.jpeg',
 'NORMAL-2125603-5.jpeg',
 'NORMAL-198660-2.jpeg',
 'NORMAL-887753-6.jpeg',
 'NORMAL-2132245-4.jpeg',
 'NORMAL-3762419-27.jpeg',
 'NORMAL-1785362-5.jpeg',
 'NORMAL-6696156-24.jpeg',
 'NORMAL-1123902-2.jpeg',
 'NORMAL-2333706-9.jpeg',
 'NORMAL-538370-3.jpeg',
 'NORMAL-8869683-25.jpeg',
 'NORMAL-6401835-1.jpeg',
 'NORMAL-4383567-1.jpeg',
 'NORMAL-7842424-3.jpeg',
 'NORMAL-4538057-10.jpeg',
 'NORMAL-95913-2.jpeg',
 'NORMAL-1991329-5.jpeg',
 'NORMAL-1983247-1.jpeg',
 'NORMAL-6663681-2.jpeg',
 'NORMAL-394008-16.jpeg',
 'NORMAL-1878971-1.jpeg',
 'NORMAL-8008155-2.jpeg',
 'NORMAL-3991858-7.jpeg',
 'NORMAL-8770743-3.jpeg',
 'NORMAL-2651624-30.jpeg',
 'NORMAL-6450506-1.jpeg',
 'NORMAL-2757876-4.jpeg',
 'NORMAL-3206854-4.jpeg',
 'NORMAL-7732521-1.jpeg',
 'NORMAL-5006393-60.jpeg',
 'NORMAL-1888479-10.jpeg',
 'NORMAL-7870558-10.jpeg',
 'NORMAL-37818-3.jpeg',
 'NORMAL-122878-3.jpeg',
 'NORMAL-3730077-9.jpeg',
 'NORMAL-9557298-2.jpeg',
 'NORMAL-3111545-9.jpeg',
 'NORMAL-5760454-1.jpeg',
 'NORMAL-385465-1.jpeg',
 'NORMAL-9729147-8.jpeg',
 'NORMAL-8869683-34.jpeg',
 'NORMAL-5593461-3.jpeg',
 'NORMAL-5641879-4.jpeg',
 'NORMAL-7585414-16.jpeg',
 'NORMAL-9505686-2.jpeg',
 'NORMAL-7598038-5.jpeg',
 'NORMAL-3587423-1.jpeg',
 'NORMAL-9020110-3.jpeg',
 'NORMAL-916226-2.jpeg',
 'NORMAL-2079376-4.jpeg',
 'NORMAL-4323638-2.jpeg',
 'NORMAL-8964204-12.jpeg',
 'NORMAL-1860373-6.jpeg',
 'NORMAL-3740938-8.jpeg',
 'NORMAL-1081406-42.jpeg',
 'NORMAL-8076847-18.jpeg',
 'NORMAL-810268-6.jpeg',
 'NORMAL-2436365-6.jpeg',
 'NORMAL-4192922-2.jpeg',
 'NORMAL-3220509-20.jpeg',
 'NORMAL-7894671-3.jpeg',
 'NORMAL-6678747-4.jpeg',
 'NORMAL-3700363-1.jpeg',
 'NORMAL-3178912-2.jpeg',
 'NORMAL-4946197-1.jpeg',
 'NORMAL-7807823-8.jpeg',
 'NORMAL-3781565-1.jpeg',
 'NORMAL-1839927-3.jpeg',
 'NORMAL-2059466-4.jpeg',
 'NORMAL-2198788-2.jpeg',
 'NORMAL-7733658-7.jpeg',
 'NORMAL-1952393-14.jpeg',
 'NORMAL-5667011-3.jpeg',
 'NORMAL-460711-5.jpeg',
 'NORMAL-2082689-28.jpeg',
 'NORMAL-5006393-46.jpeg',
 'NORMAL-4405301-5.jpeg',
 'NORMAL-4047469-4.jpeg',
 'NORMAL-4520400-4.jpeg',
 'NORMAL-891420-1.jpeg',
 'NORMAL-653325-1.jpeg',
 'NORMAL-712025-4.jpeg',
 'NORMAL-8936902-6.jpeg',
 'NORMAL-534680-1.jpeg',
 'DME-9583225-46.jpeg',
 'DME-3311872-19.jpeg',
 'DME-3064922-104.jpeg',
 'DME-7837305-55.jpeg',
 'DME-3311872-3.jpeg',
 'DME-778975-18.jpeg',
 'DME-9011183-1.jpeg',
 'DME-8602716-128.jpeg',
 'DME-214825-5.jpeg',
 'DME-9939654-37.jpeg',
 'DME-7837305-37.jpeg',
 'DME-8599136-1.jpeg',
 'DME-9721607-3.jpeg',
 'DME-5218662-15.jpeg',
 'DME-8602716-125.jpeg',
 'DME-3757443-14.jpeg',
 'DME-7870558-9.jpeg',
 'DME-6778225-10.jpeg',
 'DME-306172-115.jpeg',
 'DME-4630435-45.jpeg',
 'DME-7763916-88.jpeg',
 'DME-4240465-38.jpeg',
 'DME-8021831-10.jpeg',
 'DME-3157783-106.jpeg',
 'DME-3157783-75.jpeg',
 'DME-4561631-3.jpeg',
 'DME-7918201-50.jpeg',
 'DME-4561631-8.jpeg',
 'DME-4858969-3.jpeg',
 'DME-7650134-3.jpeg',
 'DME-8729675-60.jpeg',
 'DME-8732456-41.jpeg',
 'DME-30521-176.jpeg',
 'DME-4242335-68.jpeg',
 'DME-5465575-11.jpeg',
 'DME-4967228-45.jpeg',
 'DME-4884451-22.jpeg',
 'DME-4478609-6.jpeg',
 'DME-9915316-77.jpeg',
 'DME-1163718-9.jpeg',
 'DME-2834689-6.jpeg',
 'DME-2630113-2.jpeg',
 'DME-873375-2.jpeg',
 'DME-9997680-3.jpeg',
 'DME-4792882-66.jpeg',
 'DME-5258207-1.jpeg',
 'DME-8847144-15.jpeg',
 'DME-5607266-5.jpeg',
 'DME-7675318-15.jpeg',
 'DME-7646640-1.jpeg',
 'DME-4119721-67.jpeg',
 'DME-4430279-10.jpeg',
 'DME-8164222-4.jpeg',
 'DME-4967228-20.jpeg',
 'DME-7585414-5.jpeg',
 'DME-6778225-11.jpeg',
 'DME-446851-1.jpeg',
 'DME-563695-7.jpeg',
 'DME-8602716-52.jpeg',
 'DME-4336607-7.jpeg',
 'DME-306172-53.jpeg',
 'DME-8732456-56.jpeg',
 'DME-9915316-23.jpeg',
 'DME-2817912-12.jpeg',
 'DME-4242335-108.jpeg',
 'DME-9361825-29.jpeg',
 'DME-8729675-45.jpeg',
 'DME-7870558-12.jpeg',
 'DME-8499917-26.jpeg',
 'DME-4835086-6.jpeg',
 'DME-4630435-48.jpeg',
 'DME-462675-52.jpeg',
 'DME-7763916-80.jpeg',
 'DME-4792882-42.jpeg',
 'DME-9939654-33.jpeg',
 'DME-8487067-10.jpeg',
 'DME-4643364-31.jpeg',
 'DME-8907654-15.jpeg',
 'DME-4732091-17.jpeg',
 'DME-6704343-15.jpeg',
 'DME-4445075-123.jpeg',
 'DME-682285-30.jpeg',
 'DME-4967228-37.jpeg',
 'DME-3064922-131.jpeg',
 'DME-30521-219.jpeg',
 'DME-4630435-63.jpeg',
 'DME-8371885-25.jpeg',
 'DME-7638333-9.jpeg',
 'DME-7434518-5.jpeg',
 'DME-778975-101.jpeg',
 'DME-9939654-31.jpeg',
 'DME-323904-5.jpeg',
 'DME-4242335-132.jpeg',
 'DME-9997680-8.jpeg',
 'DME-5014129-11.jpeg',
 'DME-9939654-11.jpeg',
 'DME-9915316-17.jpeg',
 'DME-3304080-16.jpeg',
 'DME-4616882-27.jpeg',
 'DME-3608465-25.jpeg',
 'DME-405804-8.jpeg',
 'DME-8431371-4.jpeg',
 'DME-993691-5.jpeg',
 'DME-3712405-47.jpeg',
 'DME-8615417-9.jpeg',
 'DME-7599844-6.jpeg',
 'DME-8601563-10.jpeg',
 'DME-3358004-28.jpeg',
 'DME-8599136-2.jpeg',
 'DME-127971-1.jpeg',
 'DME-7846574-7.jpeg',
 'DME-4803321-6.jpeg',
 'DME-8889771-43.jpeg',
 'DME-3114569-12.jpeg',
 'DME-5559763-9.jpeg',
 'DME-323904-21.jpeg',
 'DME-3358004-2.jpeg',
 'DME-9812420-19.jpeg',
 'DME-1858286-3.jpeg',
 'DME-8647070-30.jpeg',
 'DME-4921138-20.jpeg',
 'DME-30521-152.jpeg',
 'DME-3289980-8.jpeg',
 'DME-3064922-44.jpeg',
 'DME-4020729-19.jpeg',
 'DME-5072525-10.jpeg',
 'DME-633268-55.jpeg',
 'DME-773983-5.jpeg',
 'DME-306172-13.jpeg',
 'DME-5014129-5.jpeg',
 'DME-7872718-8.jpeg',
 'DME-6704343-3.jpeg',
 'DME-4732091-97.jpeg',
 'DME-8019418-6.jpeg',
 'DME-1072015-5.jpeg',
 'DME-262460-2.jpeg',
 'DME-7578162-39.jpeg',
 'DME-4445075-29.jpeg',
 'DME-5071032-8.jpeg',
 'DME-8602716-150.jpeg',
 'DME-9126005-20.jpeg',
 'DME-4445075-44.jpeg',
 'DME-1860310-6.jpeg',
 'DME-3064922-239.jpeg',
 'DME-8738660-5.jpeg',
 'DME-8602716-20.jpeg',
 'DME-4240465-14.jpeg',
 'DME-7763916-71.jpeg',
 'DME-3712405-18.jpeg',
 'DME-8021831-13.jpeg',
 'DME-5328738-9.jpeg',
 'DME-8601563-6.jpeg',
 'DME-5549735-32.jpeg',
 'DME-4634094-131.jpeg',
 'DME-682285-27.jpeg',
 'DME-843382-13.jpeg',
 'DME-4321486-2.jpeg',
 'DME-4242335-148.jpeg',
 'DME-7585263-20.jpeg',
 'DME-1695472-61.jpeg',
 'DME-30521-101.jpeg',
 'DME-4030787-9.jpeg',
 'DME-905247-6.jpeg',
 'DME-306172-1.jpeg',
 'DME-3064922-114.jpeg',
 'DME-7578162-3.jpeg',
 'DME-30521-32.jpeg',
 'DME-8770531-32.jpeg',
 'DME-8056259-10.jpeg',
 'DME-6691467-1.jpeg',
 'DME-8869683-47.jpeg',
 'DME-8807486-10.jpeg',
 'DME-306172-97.jpeg',
 'DME-8381154-1.jpeg',
 'DME-6716735-73.jpeg',
 'DME-6798210-43.jpeg',
 'DME-3441556-80.jpeg',
 'DME-7763916-33.jpeg',
 'DME-531019-7.jpeg',
 'DME-7731545-4.jpeg',
 'DME-1649492-42.jpeg',
 'DME-224974-2.jpeg',
 'DME-6635397-1.jpeg',
 'DME-3712405-10.jpeg',
 'DME-3483651-5.jpeg',
 'DME-5656004-27.jpeg',
 'DME-9915316-27.jpeg',
 'DME-8729675-30.jpeg',
 'DME-224974-3.jpeg',
 'DME-6737988-57.jpeg',
 'DME-9853060-4.jpeg',
 'DME-8923368-8.jpeg',
 'DME-5223925-4.jpeg',
 'DME-8019418-59.jpeg',
 'DME-2346350-4.jpeg',
 'DME-633268-8.jpeg',
 'DME-8457431-54.jpeg',
 'DME-4336607-50.jpeg',
 'DME-306172-73.jpeg',
 'DME-4242335-244.jpeg',
 'DME-3064922-207.jpeg',
 'DME-9126005-26.jpeg',
 'DME-8861620-25.jpeg',
 'DME-8602716-5.jpeg',
 'DME-1695472-22.jpeg',
 'DME-8231523-21.jpeg',
 'DME-4242335-182.jpeg',
 'DME-9721607-99.jpeg',
 'DME-4634094-127.jpeg',
 'DME-3287841-2.jpeg',
 'DME-306172-86.jpeg',
 'DME-8218042-7.jpeg',
 'DME-4242335-49.jpeg',
 'DME-8014630-1.jpeg',
 'DME-9836152-19.jpeg',
 'DME-4989358-6.jpeg',
 'DME-5530115-7.jpeg',
 'DME-9812420-3.jpeg',
 'DME-5489583-2.jpeg',
 'DME-7763916-25.jpeg',
 'DME-1597899-6.jpeg',
 'DME-563695-3.jpeg',
 'DME-30521-86.jpeg',
 'DME-8770531-20.jpeg',
 'DME-5449404-5.jpeg',
 'DME-3064922-193.jpeg',
 'DME-1860310-28.jpeg',
 'DME-8371885-21.jpeg',
 'DME-7870558-18.jpeg',
 'DME-8469406-5.jpeg',
 'DME-8525575-39.jpeg',
 'DME-4897748-16.jpeg',
 'DME-9627906-3.jpeg',
 'DME-8525575-73.jpeg',
 'DME-5223925-2.jpeg',
 'DME-4892276-1.jpeg',
 'DME-306172-16.jpeg',
 'DME-5607266-10.jpeg',
 'DME-670450-8.jpeg',
 'DME-8457431-19.jpeg',
 'DME-8838274-13.jpeg',
 'DME-4658666-1.jpeg',
 'DME-9782509-8.jpeg',
 'DME-4510773-1.jpeg',
 'DME-778975-50.jpeg',
 'DME-7707202-13.jpeg',
 'DME-4445075-74.jpeg',
 'DME-5339384-5.jpeg',
 'DME-4973751-24.jpeg',
 'DME-7837305-17.jpeg',
 'CNV-6741522-6.jpeg',
 'CNV-9644829-3.jpeg',
 'CNV-7453443-4.jpeg',
 'CNV-3514723-88.jpeg',
 'CNV-4952759-35.jpeg',
 'CNV-5851527-9.jpeg',
 'CNV-9206459-28.jpeg',
 'CNV-5861916-4.jpeg',
 'CNV-4439963-15.jpeg',
 'CNV-154835-44.jpeg',
 'CNV-3541867-20.jpeg',
 'CNV-1174703-15.jpeg',
 'CNV-4974377-60.jpeg',
 'CNV-9811594-27.jpeg',
 'CNV-8369717-15.jpeg',
 'CNV-6215140-38.jpeg',
 'CNV-7604641-31.jpeg',
 'CNV-6294785-8.jpeg',
 'CNV-9462998-23.jpeg',
 'CNV-8098346-31.jpeg',
 'CNV-2725524-120.jpeg',
 'CNV-4775389-43.jpeg',
 'CNV-5434564-53.jpeg',
 'CNV-2725524-77.jpeg',
 'CNV-163081-155.jpeg',
 'CNV-8369717-32.jpeg',
 'CNV-3791742-4.jpeg',
 'CNV-7393104-71.jpeg',
 'CNV-6581164-221.jpeg',
 'CNV-9598696-119.jpeg',
 'CNV-2725524-57.jpeg',
 'CNV-9911627-28.jpeg',
 'CNV-1260317-58.jpeg',
 'CNV-1188386-210.jpeg',
 'CNV-7513011-51.jpeg',
 'CNV-460403-52.jpeg',
 'CNV-2692822-22.jpeg',
 'CNV-9206635-20.jpeg',
 'CNV-4973751-7.jpeg',
 'CNV-5434564-67.jpeg',
 'CNV-7907754-296.jpeg',
 'CNV-5674369-200.jpeg',
 'CNV-1390155-34.jpeg',
 'CNV-5409617-53.jpeg',
 'CNV-364469-98.jpeg',
 'CNV-4952759-204.jpeg',
 'CNV-3616460-22.jpeg',
 'CNV-5594757-40.jpeg',
 'CNV-1083927-17.jpeg',
 'CNV-7907754-452.jpeg',
 'CNV-7422289-6.jpeg',
 'CNV-3318854-267.jpeg',
 'CNV-4370501-22.jpeg',
 'CNV-7565927-174.jpeg',
 'CNV-5674369-239.jpeg',
 'CNV-364469-132.jpeg',
 'CNV-1188386-771.jpeg',
 'CNV-9894035-2.jpeg',
 'CNV-5699128-45.jpeg',
 'CNV-6106345-84.jpeg',
 'CNV-7315522-106.jpeg',
 'CNV-2655276-57.jpeg',
 'CNV-4921376-6.jpeg',
 'CNV-1997439-199.jpeg',
 'CNV-3118383-49.jpeg',
 'CNV-3118383-8.jpeg',
 'CNV-6666538-485.jpeg',
 'CNV-163081-140.jpeg',
 'CNV-1729810-173.jpeg',
 'CNV-7555604-149.jpeg',
 'CNV-8972369-18.jpeg',
 'CNV-6001487-67.jpeg',
 'CNV-1635188-7.jpeg',
 'CNV-5054419-84.jpeg',
 'CNV-8728968-137.jpeg',
 'CNV-6652117-485.jpeg',
 'CNV-5425896-26.jpeg',
 'CNV-6795779-16.jpeg',
 'CNV-692554-15.jpeg',
 'CNV-7873827-128.jpeg',
 'CNV-967953-13.jpeg',
 'CNV-9320911-176.jpeg',
 'CNV-6493580-45.jpeg',
 'CNV-1730592-132.jpeg',
 'CNV-9297624-118.jpeg',
 'CNV-2444883-133.jpeg',
 'CNV-3200688-6.jpeg',
 'CNV-7513011-105.jpeg',
 'CNV-375851-5.jpeg',
 'CNV-1702663-14.jpeg',
 'CNV-3541867-19.jpeg',
 'CNV-6666538-470.jpeg',
 'CNV-7873827-24.jpeg',
 'CNV-9952184-29.jpeg',
 'CNV-881747-1.jpeg',
 'CNV-3453634-48.jpeg',
 'CNV-6668596-82.jpeg',
 'CNV-7565927-49.jpeg',
 'CNV-1676918-8.jpeg',
 'CNV-1997439-172.jpeg',
 'CNV-933576-160.jpeg',
 'CNV-1112835-134.jpeg',
 'CNV-6566667-54.jpeg',
 'CNV-8602230-56.jpeg',
 'CNV-2444883-21.jpeg',
 'CNV-8014630-32.jpeg',
 'CNV-1997439-178.jpeg',
 'CNV-1322624-1.jpeg',
 'CNV-1112835-223.jpeg',
 'CNV-5468055-98.jpeg',
 'CNV-2120559-58.jpeg',
 'CNV-137351-127.jpeg',
 'CNV-3514723-108.jpeg',
 'CNV-1188386-768.jpeg',
 'CNV-2156263-8.jpeg',
 'CNV-7710023-18.jpeg',
 'CNV-1730592-105.jpeg',
 'CNV-2192440-62.jpeg',
 'CNV-6652117-119.jpeg',
 'CNV-6566667-13.jpeg',
 'CNV-5824631-61.jpeg',
 'CNV-1279887-139.jpeg',
 'CNV-184320-1.jpeg',
 'CNV-6666538-191.jpeg',
 'CNV-6493580-288.jpeg',
 'CNV-3080163-32.jpeg',
 'CNV-8819395-36.jpeg',
 'CNV-6106345-135.jpeg',
 'CNV-6652117-462.jpeg',
 'CNV-6493580-117.jpeg',
 'CNV-4631261-12.jpeg',
 'CNV-5514351-35.jpeg',
 'CNV-1188386-311.jpeg',
 'CNV-8833506-214.jpeg',
 'CNV-779442-171.jpeg',
 'CNV-7902439-40.jpeg',
 'CNV-6652117-271.jpeg',
 'CNV-3742373-14.jpeg',
 'CNV-7656403-133.jpeg',
 'CNV-6666538-5.jpeg',
 'CNV-904464-5.jpeg',
 'CNV-3215445-10.jpeg',
 'CNV-364469-50.jpeg',
 'CNV-4974377-44.jpeg',
 'CNV-1188386-457.jpeg',
 'CNV-1997439-46.jpeg',
 'CNV-3241692-14.jpeg',
 'CNV-904464-21.jpeg',
 'CNV-7159021-188.jpeg',
 'CNV-3318854-249.jpeg',
 'CNV-3935736-1.jpeg',
 'CNV-9642260-305.jpeg',
 'CNV-4370501-96.jpeg',
 'CNV-1730592-7.jpeg',
 'CNV-995513-106.jpeg',
 'CNV-4455032-26.jpeg',
 'CNV-5674369-10.jpeg',
 'CNV-3951584-11.jpeg',
 'CNV-3318854-182.jpeg',
 'CNV-1188386-198.jpeg',
 'CNV-1188386-665.jpeg',
 'CNV-6717547-48.jpeg',
 'CNV-1907560-7.jpeg',
 'CNV-6695669-9.jpeg',
 'CNV-6493580-19.jpeg',
 'CNV-2725524-43.jpeg',
 'CNV-1894770-109.jpeg',
 'CNV-987193-12.jpeg',
 'CNV-3882196-7.jpeg',
 'CNV-4631261-29.jpeg',
 'CNV-3618489-47.jpeg',
 'CNV-7749420-42.jpeg',
 'CNV-2025105-8.jpeg',
 'CNV-7907754-50.jpeg',
 'CNV-1136126-5.jpeg',
 'CNV-9749710-4.jpeg',
 'CNV-4020729-88.jpeg',
 'CNV-1136126-28.jpeg',
 'CNV-9778894-4.jpeg',
 'CNV-8886787-18.jpeg',
 'CNV-2628366-19.jpeg',
 'CNV-8039905-39.jpeg',
 'CNV-1982250-14.jpeg',
 'CNV-764972-29.jpeg',
 'CNV-933576-164.jpeg',
 'CNV-6215140-183.jpeg',
 'CNV-4370501-2.jpeg',
 'CNV-4952759-274.jpeg',
 'CNV-7315522-194.jpeg',
 'CNV-2438783-20.jpeg',
 'CNV-4952759-244.jpeg',
 'CNV-4643364-57.jpeg',
 'CNV-4370501-21.jpeg',
 'CNV-5851527-42.jpeg',
 'CNV-3318854-67.jpeg',
 'CNV-6569286-83.jpeg',
 'CNV-8833506-53.jpeg',
 'CNV-2046993-3.jpeg',
 'CNV-9642260-297.jpeg',
 'CNV-1188386-269.jpeg',
 'CNV-933576-270.jpeg',
 'CNV-4907724-58.jpeg',
 'CNV-6783162-36.jpeg',
 'CNV-9174718-4.jpeg',
 'CNV-954024-117.jpeg',
 'CNV-9374492-330.jpeg',
 'CNV-6566667-131.jpeg',
 'CNV-692554-29.jpeg',
 'CNV-9642260-71.jpeg',
 'CNV-7907754-132.jpeg',
 'CNV-6666538-15.jpeg',
 'CNV-7907754-390.jpeg',
 'CNV-1729810-4.jpeg',
 'CNV-8341738-35.jpeg',
 'CNV-1131664-47.jpeg',
 'CNV-6668596-30.jpeg',
 'CNV-1997439-200.jpeg',
 'CNV-6581164-99.jpeg',
 'CNV-4145695-4.jpeg',
 'CNV-779442-106.jpeg',
 'CNV-8341738-44.jpeg',
 'CNV-7732521-82.jpeg',
 'CNV-5429703-15.jpeg',
 'CNV-8098346-13.jpeg',
 'CNV-9734808-2.jpeg',
 'CNV-5429703-7.jpeg',
 'CNV-4244160-26.jpeg',
 'CNV-4107394-151.jpeg',
 'CNV-7531689-36.jpeg',
 'CNV-9320911-132.jpeg',
 'CNV-6666538-403.jpeg',
 'CNV-8783825-243.jpeg',
 'CNV-5674369-38.jpeg',
 'CNV-8602230-38.jpeg',
 'CNV-1016042-179.jpeg',
 'CNV-954024-48.jpeg',
 'CNV-4850744-2.jpeg',
 'CNV-1322624-4.jpeg',
 'CNV-2627894-1.jpeg',
 'CNV-4176900-13.jpeg',
 'CNV-9201573-25.jpeg',
 'CNV-137351-61.jpeg',
 'CNV-4712152-5.jpeg',
 'CNV-9997680-192.jpeg',
 'CNV-3318854-243.jpeg',
 'CNV-1699976-213.jpeg',
 'CNV-8796318-49.jpeg',
 'CNV-2724152-6.jpeg',
 'CNV-460403-106.jpeg',
 'CNV-1963682-34.jpeg',
 'DRUSEN-8057466-19.jpeg',
 'DRUSEN-1514075-25.jpeg',
 'DRUSEN-8117834-22.jpeg',
 'DRUSEN-1283307-24.jpeg',
 'DRUSEN-5768756-21.jpeg',
 'DRUSEN-2233489-17.jpeg',
 'DRUSEN-2097858-4.jpeg',
 'DRUSEN-1514075-3.jpeg',
 'DRUSEN-5760454-41.jpeg',
 'DRUSEN-364469-5.jpeg',
 'DRUSEN-538779-52.jpeg',
 'DRUSEN-8605472-14.jpeg',
 'DRUSEN-5811898-48.jpeg',
 'DRUSEN-1793499-14.jpeg',
 'DRUSEN-7736035-2.jpeg',
 'DRUSEN-2097858-1.jpeg',
 'DRUSEN-2403178-19.jpeg',
 'DRUSEN-4314625-5.jpeg',
 'DRUSEN-9563024-6.jpeg',
 'DRUSEN-1094282-4.jpeg',
 'DRUSEN-364469-90.jpeg',
 'DRUSEN-8259017-20.jpeg',
 'DRUSEN-2253582-2.jpeg',
 'DRUSEN-732516-45.jpeg',
 'DRUSEN-4934663-3.jpeg',
 'DRUSEN-5710007-17.jpeg',
 'DRUSEN-445726-13.jpeg',
 'DRUSEN-5811898-59.jpeg',
 'DRUSEN-5808844-9.jpeg',
 'DRUSEN-9126596-1.jpeg',
 'DRUSEN-1237848-44.jpeg',
 'DRUSEN-6225622-2.jpeg',
 'DRUSEN-8602178-4.jpeg',
 'DRUSEN-7685407-24.jpeg',
 'DRUSEN-3116592-3.jpeg',
 'DRUSEN-1001666-5.jpeg',
 'DRUSEN-7683197-1.jpeg',
 'DRUSEN-2180220-6.jpeg',
 'DRUSEN-1047803-5.jpeg',
 'DRUSEN-1789270-30.jpeg',
 'DRUSEN-9280370-21.jpeg',
 'DRUSEN-8794293-17.jpeg',
 'DRUSEN-6010249-1.jpeg',
 'DRUSEN-7485460-1.jpeg',
 'DRUSEN-3086272-3.jpeg',
 'DRUSEN-7716512-6.jpeg',
 'DRUSEN-3424668-72.jpeg',
 'DRUSEN-2257047-43.jpeg',
 'DRUSEN-2168793-8.jpeg',
 'DRUSEN-457907-6.jpeg',
 'DRUSEN-3424668-31.jpeg',
 'DRUSEN-3956332-2.jpeg',
 'DRUSEN-4878077-4.jpeg',
 'DRUSEN-1912508-10.jpeg',
 'DRUSEN-5768756-33.jpeg',
 'DRUSEN-3424668-79.jpeg',
 'DRUSEN-5443411-26.jpeg',
 'DRUSEN-7563760-36.jpeg',
 'DRUSEN-9025088-21.jpeg',
 'DRUSEN-6256161-5.jpeg',
 'DRUSEN-3571629-1.jpeg',
 'DRUSEN-9000010-8.jpeg',
 'DRUSEN-6193297-18.jpeg',
 'DRUSEN-6256161-1.jpeg',
 'DRUSEN-7345121-20.jpeg',
 'DRUSEN-2233489-6.jpeg',
 'DRUSEN-5811898-12.jpeg',
 'DRUSEN-1356232-2.jpeg',
 'DRUSEN-5841100-15.jpeg',
 'DRUSEN-8867484-13.jpeg',
 'DRUSEN-6266011-1.jpeg',
 'DRUSEN-609387-19.jpeg',
 'DRUSEN-7555604-53.jpeg',
 'DRUSEN-525301-4.jpeg',
 'DRUSEN-8213975-6.jpeg',
 'DRUSEN-6190971-1.jpeg',
 'DRUSEN-9225057-16.jpeg',
 'DRUSEN-7763772-60.jpeg',
 'DRUSEN-5801431-22.jpeg',
 'DRUSEN-9734808-50.jpeg',
 'DRUSEN-987193-38.jpeg',
 'DRUSEN-593275-2.jpeg',
 'DRUSEN-7763772-56.jpeg',
 'DRUSEN-1047803-6.jpeg',
 'DRUSEN-8870525-26.jpeg',
 'DRUSEN-9171051-8.jpeg',
 'DRUSEN-584218-3.jpeg',
 'DRUSEN-2128644-40.jpeg',
 'DRUSEN-2198788-32.jpeg',
 'DRUSEN-1651625-1.jpeg',
 'DRUSEN-445726-3.jpeg',
 'DRUSEN-6193297-10.jpeg',
 'DRUSEN-984816-3.jpeg',
 'DRUSEN-5470271-3.jpeg',
 'DRUSEN-2198788-18.jpeg',
 'DRUSEN-8986660-38.jpeg',
 'DRUSEN-8261063-78.jpeg',
 'DRUSEN-2960588-2.jpeg',
 'DRUSEN-1077513-13.jpeg',
 'DRUSEN-8351260-5.jpeg',
 'DRUSEN-987193-24.jpeg',
 'DRUSEN-8039905-3.jpeg',
 'DRUSEN-8023853-99.jpeg',
 'DRUSEN-6190971-33.jpeg',
 'DRUSEN-8578875-1.jpeg',
 'DRUSEN-5434336-33.jpeg',
 'DRUSEN-9000010-11.jpeg',
 'DRUSEN-3307363-2.jpeg',
 'DRUSEN-7555604-26.jpeg',
 'DRUSEN-1292620-5.jpeg',
 'DRUSEN-2407494-2.jpeg',
 'DRUSEN-1793499-10.jpeg',
 'DRUSEN-1742442-3.jpeg',
 'DRUSEN-609387-35.jpeg',
 'DRUSEN-142234-15.jpeg',
 'DRUSEN-3424668-60.jpeg',
 'DRUSEN-995513-15.jpeg',
 'DRUSEN-8827328-5.jpeg',
 'DRUSEN-7154222-5.jpeg',
 'DRUSEN-732516-29.jpeg',
 'DRUSEN-5743416-30.jpeg',
 'DRUSEN-8549730-48.jpeg',
 'DRUSEN-8074563-39.jpeg',
 'DRUSEN-7675318-6.jpeg',
 'DRUSEN-8086850-88.jpeg',
 'DRUSEN-8389446-8.jpeg',
 'DRUSEN-8074563-30.jpeg',
 'DRUSEN-9072701-21.jpeg',
 'DRUSEN-3241692-14.jpeg',
 'DRUSEN-2128644-7.jpeg',
 'DRUSEN-5929729-22.jpeg',
 'DRUSEN-956663-8.jpeg',
 'DRUSEN-7563760-5.jpeg',
 'DRUSEN-5865674-22.jpeg',
 'DRUSEN-5841100-11.jpeg',
 'DRUSEN-1912508-14.jpeg',
 'DRUSEN-8345703-11.jpeg',
 'DRUSEN-7584627-2.jpeg',
 'DRUSEN-5743416-3.jpeg',
 'DRUSEN-6717547-4.jpeg',
 'DRUSEN-3424668-26.jpeg',
 'DRUSEN-8986660-48.jpeg',
 'DRUSEN-7555604-13.jpeg',
 'DRUSEN-8023853-96.jpeg',
 'DRUSEN-5753467-1.jpeg',
 'DRUSEN-8023853-142.jpeg',
 'DRUSEN-8345703-14.jpeg',
 'DRUSEN-9928043-7.jpeg',
 'DRUSEN-8086850-205.jpeg',
 'DRUSEN-3439251-16.jpeg',
 'DRUSEN-5865674-7.jpeg',
 'DRUSEN-1581935-4.jpeg',
 'DRUSEN-7763772-28.jpeg',
 'DRUSEN-2128644-30.jpeg',
 'DRUSEN-6190971-37.jpeg',
 'DRUSEN-3030629-8.jpeg',
 'DRUSEN-5779607-14.jpeg',
 'DRUSEN-1130960-70.jpeg',
 'DRUSEN-1094282-10.jpeg',
 'DRUSEN-1568644-1.jpeg',
 'DRUSEN-8549730-36.jpeg',
 'DRUSEN-9642260-62.jpeg',
 'DRUSEN-1487749-21.jpeg',
 'DRUSEN-5443411-11.jpeg',
 'DRUSEN-9547888-25.jpeg',
 'DRUSEN-8656509-8.jpeg',
 'DRUSEN-7563760-11.jpeg',
 'DRUSEN-9442692-7.jpeg',
 'DRUSEN-5768756-12.jpeg',
 'DRUSEN-9642260-9.jpeg',
 'DRUSEN-8115192-8.jpeg',
 'DRUSEN-2141150-14.jpeg',
 'DRUSEN-1237848-79.jpeg',
 'DRUSEN-1730592-6.jpeg',
 'DRUSEN-5811898-37.jpeg',
 'DRUSEN-8259017-15.jpeg',
 'DRUSEN-1514075-8.jpeg',
 'DRUSEN-8656509-6.jpeg',
 'DRUSEN-2128644-8.jpeg',
 'DRUSEN-482704-40.jpeg',
 'DRUSEN-3241692-11.jpeg',
 'DRUSEN-4291972-2.jpeg',
 'DRUSEN-364469-31.jpeg',
 'DRUSEN-8870525-6.jpeg',
 'DRUSEN-8086850-13.jpeg',
 'DRUSEN-3818682-4.jpeg',
 'DRUSEN-3276918-42.jpeg',
 'DRUSEN-1112835-18.jpeg',
 'DRUSEN-5865674-24.jpeg',
 'DRUSEN-2951435-7.jpeg',
 'DRUSEN-9642260-15.jpeg',
 'DRUSEN-1912508-3.jpeg',
 'DRUSEN-8605472-35.jpeg',
 'DRUSEN-3541867-19.jpeg',
 'DRUSEN-5470271-2.jpeg',
 'DRUSEN-364469-64.jpeg',
 'DRUSEN-8986660-65.jpeg',
 'DRUSEN-3086272-27.jpeg',
 'DRUSEN-1237848-14.jpeg',
 'DRUSEN-9059831-12.jpeg',
 'DRUSEN-1997439-7.jpeg',
 'DRUSEN-3276918-66.jpeg',
 'DRUSEN-987193-33.jpeg',
 'DRUSEN-6193297-54.jpeg',
 'DRUSEN-1237848-71.jpeg',
 'DRUSEN-5331157-11.jpeg',
 'DRUSEN-1130960-41.jpeg',
 'DRUSEN-1730592-3.jpeg',
 'DRUSEN-9855139-1.jpeg',
 'DRUSEN-7072628-4.jpeg',
 'DRUSEN-5760454-21.jpeg',
 'DRUSEN-7915033-11.jpeg',
 'DRUSEN-5865674-21.jpeg',
 'DRUSEN-1577991-13.jpeg',
 'DRUSEN-224974-13.jpeg',
 'DRUSEN-9035293-5.jpeg',
 'DRUSEN-9563024-8.jpeg',
 'DRUSEN-7675318-2.jpeg',
 'DRUSEN-8082730-4.jpeg',
 'DRUSEN-3472938-15.jpeg',
 'DRUSEN-9225057-1.jpeg',
 'DRUSEN-3232816-6.jpeg',
 'DRUSEN-8794293-3.jpeg',
 'DRUSEN-7555604-11.jpeg',
 'DRUSEN-8986660-28.jpeg',
 'DRUSEN-1997439-61.jpeg',
 'DRUSEN-8986660-88.jpeg',
 'DRUSEN-8057466-33.jpeg',
 'DRUSEN-1130960-4.jpeg',
 'DRUSEN-5929729-6.jpeg',
 'DRUSEN-1219727-5.jpeg',
 'DRUSEN-5790439-2.jpeg',
 'DRUSEN-3281144-4.jpeg',
 'DRUSEN-2232211-21.jpeg',
 'DRUSEN-2156263-2.jpeg',
 'DRUSEN-7734843-1.jpeg',
 'DRUSEN-1997439-114.jpeg',
 'DRUSEN-8023853-30.jpeg',
 'DRUSEN-2437193-42.jpeg',
 'DRUSEN-6193297-99.jpeg',
 'DRUSEN-1206086-5.jpeg',
 'DRUSEN-7990001-10.jpeg',
 'DRUSEN-8316281-5.jpeg',
 'DRUSEN-3278210-2.jpeg',
 'DRUSEN-4450592-1.jpeg',
 'DRUSEN-1202145-7.jpeg',
 'DRUSEN-5760454-23.jpeg',
 'DRUSEN-9072701-20.jpeg',
 'DRUSEN-5841100-13.jpeg',
 'DRUSEN-6095281-8.jpeg',
